,Levenshtein,Cyclomatic_Complexity,Cyclomatic_Complexity_Diff,Cosine_Similarity,Composite_Score
gen_tiny_starcoder_py,0.6849911163645462,0.25,2.588235294117647,0.2780534774826204,0.43959881558099
gen_starcoder2_3b,0.280655432080589,0.6428571428571429,1.2352941176470589,0.303148227545068,0.5817924087025595
gen_starcoder2_7b,0.36509002792788825,1.2142857142857142,1.2941176470588236,0.4213647345348629,0.5917599390023562
gen_starcoder2_15b,0.5112573185166709,1.875,1.0,0.6216518633277588,0.6196658004740415
